participant_id,session_id,cell,mode2,role,outcome_type,buyer_open,seller_open,opening_spread,anchor_distance,n_concessions,mean_concession,concession_rate,buyer_share_concession,n_proposal_rounds,dialogue_to_proposal_ratio,turns_to_first_proposal,turns_to_deal,n_final_offers,first_final_turn,held_after_final,settlement_price,zopa_low,zopa_high,zopa_mid,settlement_vs_mid,buyer_surplus,seller_surplus,buyer_share_of_surplus,pareto_efficient
6400ed09421b2727c2f7c553,n5J7TGjmIXyuAa2_yQPcT,AI-to-AI · buyer,AI-to-AI,buyer,agreed,21500.0,25500.0,4000.0,0.0,2,750.0,214.28571428571428,0.375,7,1.4285714285714286,7,17.0,0,,,23000.0,22500.0,23500.0,23000.0,0.0,500.0,500.0,0.5,True
697cfc324ea85aa42cfe2d1e,3NciajnCklr6J5KMtuPeT,AI-to-AI · buyer,AI-to-AI,buyer,agreed,21500.0,24500.0,3000.0,0.0,2,750.0,300.0,0.5,5,1.0,5,10.0,1,10.0,True,23000.0,22500.0,23500.0,23000.0,0.0,500.0,500.0,0.5,True
67e055c65918b92290ec665f,Vic80qoZQE8wl0aSyEq7x,AI-to-AI · buyer,AI-to-AI,buyer,agreed,21500.0,25500.0,4000.0,0.0,3,666.6666666666666,222.22222222222223,0.5,9,0.4444444444444444,2,13.0,0,,,23500.0,22500.0,23500.0,23000.0,500.0,0.0,1000.0,0.0,True
69eaff58bafbcb01fc573d58,D1cFI6zSSAFIEwry0OmFM,AI-to-AI · buyer,AI-to-AI,buyer,agreed,21500.0,25500.0,4000.0,0.0,3,666.6666666666666,222.22222222222223,0.5,9,0.8888888888888888,2,17.0,1,16.0,True,23500.0,22500.0,23500.0,23000.0,500.0,0.0,1000.0,0.0,True
69c3c3cbb3e057fd06dd2fe0,FQjIIIcxHgbVhyg1ekBF2,AI-to-AI · buyer,AI-to-AI,buyer,agreed,21500.0,25500.0,4000.0,0.0,2,1000.0,333.3333333333333,0.5,6,0.8333333333333334,2,11.0,0,,,23500.0,22500.0,23500.0,23000.0,500.0,0.0,1000.0,0.0,True
5b7df1f09fcd3c00011904a4,VB-gb1j7IN-Gp5Th9JaRa,AI-to-AI · seller,AI-to-AI,seller,agreed,22000.0,25500.0,3500.0,0.0,2,1000.0,285.7142857142857,0.42857142857142855,7,1.1428571428571428,6,15.0,0,,,23500.0,22500.0,23500.0,23000.0,500.0,0.0,1000.0,0.0,True
67924313eb24f3a077d26376,7Z0yszb8DXEs4v-X7ZOnL,AI-to-AI · seller,AI-to-AI,seller,agreed,21000.0,25500.0,4500.0,0.0,3,1000.0,428.57142857142856,0.3333333333333333,7,0.8571428571428571,2,13.0,0,,,22500.0,22500.0,23500.0,23000.0,-500.0,1000.0,0.0,1.0,True
69f140935dc089bf8e145ba8,61fURGpEnxVlWMy6EdqQc,AI-to-AI · seller,AI-to-AI,seller,agreed,22500.0,25500.0,3000.0,0.0,4,500.0,250.0,0.3333333333333333,8,1.0,4,16.0,0,,,23500.0,22500.0,23500.0,23000.0,500.0,0.0,1000.0,0.0,True
680cf3759bbfca13d68e130a,0aSWrB1X4PktU0AsjvK_S,AI-to-AI · seller,AI-to-AI,seller,agreed,21500.0,25000.0,3500.0,500.0,3,833.3333333333334,312.5,0.2857142857142857,8,1.0,2,16.0,0,,,22500.0,22500.0,23500.0,23000.0,-500.0,1000.0,0.0,1.0,True
6761ae77a5a1601b74e8fe60,AcwcheiJnovnKaRH9uQLP,AI-to-AI · seller,AI-to-AI,seller,agreed,21000.0,25000.0,4000.0,500.0,4,500.0,200.0,0.5,10,0.6,2,16.0,1,16.0,True,23000.0,22500.0,23500.0,23000.0,0.0,500.0,500.0,0.5,True
69f8bae59cdca0cef3a0fb47,RmLXAnUVB9qP1s4VkOZJ6,AI-to-AI · seller,AI-to-AI,seller,agreed,21500.0,25500.0,4000.0,0.0,5,500.0,250.0,0.4117647058823529,10,0.7,2,17.0,1,15.0,False,23000.0,22500.0,23500.0,23000.0,0.0,500.0,500.0,0.5,True
69f8afeae66475417b62c49f,hZL7dVOQcttWfP5KFRwQJ,AI-to-AI · seller,AI-to-AI,seller,agreed,22500.0,25500.0,3000.0,0.0,6,333.3333333333333,153.84615384615384,0.3939393939393939,13,0.23076923076923078,2,16.0,2,13.0,False,23500.0,22500.0,23500.0,23000.0,500.0,0.0,1000.0,0.0,True
615567110b3d6e418c6add32,UMFdVVx9IGeblZMUP-rVP,AI-to-AI · seller,AI-to-AI,seller,agreed,22500.0,25500.0,3000.0,0.0,4,500.0,200.0,0.42857142857142855,10,0.8,6,18.0,3,14.0,False,23500.0,22500.0,23500.0,23000.0,500.0,0.0,1000.0,0.0,True
6966e05fce7c9a3a76291b13,828QHspj0Tnwfvu6Z4xOZ,Human-to-AI · buyer,Human-to-AI,buyer,agreed,22000.0,,,500.0,1,3500.0,1750.0,1.0,2,2.5,1,7.0,0,,,25500.0,22500.0,23500.0,23000.0,2500.0,-2000.0,3000.0,,False
669c182b2a59d2c81e9053ad,Y8fwRuVotJwP00m6TaUsP,Human-to-AI · buyer,Human-to-AI,buyer,agreed,20500.0,25500.0,5000.0,1000.0,3,1166.6666666666667,350.0,0.6666666666666666,10,0.6,7,13.0,1,16.0,True,23750.0,22500.0,23500.0,23000.0,750.0,-250.0,1250.0,,False
69d3c90bc7bc3c12fd6d3d26,2cXfNzdcEQKsFCiZ8BAQ6,Human-to-AI · buyer,Human-to-AI,buyer,agreed,21500.0,25000.0,3500.0,0.0,3,1083.3333333333333,541.6666666666666,0.9285714285714286,6,0.16666666666666666,1,7.0,0,,,24750.0,22500.0,23500.0,23000.0,1750.0,-1250.0,2250.0,,False
628f7e982aad1788d940317a,VM0F8zCaC6J6PF_fK_tYO,Human-to-AI · buyer,Human-to-AI,buyer,agreed,21000.0,25000.0,4000.0,500.0,4,812.5,406.25,0.8125,8,0.125,1,9.0,0,,,24250.0,22500.0,23500.0,23000.0,1250.0,-750.0,1750.0,,False
672c1b00e4ed661368e89749,-MSyP4yr44Upsy3FojCLU,Human-to-AI · buyer,Human-to-AI,buyer,agreed,19500.0,19500.0,0.0,2000.0,2,2000.0,800.0,1.0,5,0.8,3,9.0,0,,,23500.0,22500.0,23500.0,23000.0,500.0,0.0,1000.0,0.0,True
5d9b7c7efaa2860364b16476,iUL_5S4zxeEaupCmuH5Gv,Human-to-AI · seller,Human-to-AI,seller,agreed,21500.0,22500.0,1000.0,3000.0,1,1000.0,200.0,0.3333333333333333,5,0.2,2,4.0,0,,,22000.0,22500.0,23500.0,23000.0,-1000.0,1500.0,-500.0,,False
69e56c8f8677d3d655d61941,Q5eXkoztygzucCyhByPkI,Human-to-AI · seller,Human-to-AI,seller,agreed,21500.0,22500.0,1000.0,3000.0,0,,0.0,1.0,3,2.3333333333333335,7,10.0,0,,,22500.0,22500.0,23500.0,23000.0,-500.0,1000.0,0.0,1.0,True
6752993adafe95d86087831b,nezxbmhuC1rAEuyptpDGI,Human-to-AI · seller,Human-to-AI,seller,agreed,22000.0,22000.0,0.0,3500.0,0,,0.0,1.0,5,1.2,4,5.0,0,,,23000.0,22500.0,23500.0,23000.0,0.0,500.0,500.0,0.5,True
69f38eadfdcfd0897d54490a,eNlAfaN8J0rnMjq24X8PO,Human-to-AI · seller,Human-to-AI,seller,agreed,22000.0,25000.0,3000.0,500.0,3,916.6666666666666,392.85714285714283,0.09836065573770492,7,0.8571428571428571,6,12.0,0,,,22300.0,22500.0,23500.0,23000.0,-700.0,1200.0,-200.0,,False
69d77d063e93f9c8eb4eb6d6,RYEUlzpHGMTBvTHUMotB_,Human-to-AI · seller,Human-to-AI,seller,agreed,22000.0,23500.0,1500.0,2000.0,1,500.0,125.0,0.6666666666666666,4,1.25,5,9.0,0,,,23000.0,22500.0,23500.0,23000.0,0.0,500.0,500.0,0.5,True
69e129bd8ad451d4d82ff01f,aJEtizgTMyOTcICXJ81FL,Human-to-AI · seller,Human-to-AI,seller,agreed,20500.0,23000.0,2500.0,2500.0,1,1500.0,375.0,0.4,4,1.0,3,8.0,0,,,21500.0,22500.0,23500.0,23000.0,-1500.0,2000.0,-1000.0,,False
6629435c4c384dcaf8ecce60,oSvr7iKMckwRaukSMfrm1,Human-to-AI · seller,Human-to-AI,seller,agreed,22000.0,25500.0,3500.0,0.0,1,3500.0,1166.6666666666667,0.0,3,1.6666666666666667,4,8.0,0,,,22000.0,22500.0,23500.0,23000.0,-1000.0,1500.0,-500.0,,False
5f35646c73508a4ff52b4ea3,wiRpB0wQhW3eBbx2mlmm5,Human-to-AI · seller,Human-to-AI,seller,agreed,22500.0,27000.0,4500.0,1500.0,1,3000.0,500.0,0.25,6,1.0,4,12.0,1,12.0,True,23500.0,22500.0,23500.0,23000.0,500.0,0.0,1000.0,0.0,True
69b98ed6a044387bc1f3609d,wZuK5Pf9xzgC6atpV-3Wx,Human-to-AI · seller,Human-to-AI,seller,agreed,22000.0,25000.0,3000.0,500.0,2,750.0,300.0,0.5,5,1.0,2,10.0,1,10.0,True,23500.0,22500.0,23500.0,23000.0,500.0,0.0,1000.0,0.0,True
