item,n_a,n_b,delta,ci_lo,ci_hi,p_mw,q_bh
satisfaction,20,20,-0.3775,-0.6775,-0.03243750000000006,0.03782471718477209,0.1395835919876226
would_use_again,20,20,-0.245,-0.5725625,0.09256249999999994,0.1827507830366899,0.4111892618325523
agent_represented,20,20,-0.115,-0.46756250000000005,0.2325,0.5265468782686518,0.6769888434882666
control,20,20,-0.365,-0.6675,-0.027437500000000056,0.0465278639958742,0.1395835919876226
emot_pleasant,20,20,-0.2025,-0.5476875,0.155,0.26326537535363903,0.47387767563655026
emot_anxious,20,20,0.09,-0.2303125,0.44,0.6316080441574798,0.7105590496771648
effort_invested,20,20,0.3675,0.012125000000000021,0.67,0.04243142681545891,0.1395835919876226
engage_engaged,20,20,-0.005,-0.3450625,0.335,0.9883372311333604,0.9883372311333604
outfair_share,20,20,-0.1725,-0.505125,0.2,0.3481696003797612,0.5222544005696418
