ID,kind,exp,role,Verbatim text
P01,study comment,X4,seller,the study was well structured
P02,study comment,X4,seller,"i think debating like that is a fun time, so this was a fun study to do"
P03,study comment,X3,buyer,"Super fun and interesting, I really like the AI negotiator, very skilled!"
P04,study comment,X3,buyer,None.
P05,study comment,X3,buyer,Enjoyable
P06,study comment,X3,buyer,The sellers responses are nearly impossible to read as there is a very tiny window of text - like you can only see one line at a time
P07,study comment,X4,seller,This was enjoyable. I actually have owned 3 Toyota's so that isn't a fib on my part. I am indeed on my third. I would use an AI tool like this. I would be interested to see what it would look like if it represented the seller.
P08,study comment,X1,buyer,I said I wanted a white car nor a black car and gave valid reasons. Agent still negotiated in this BLACK car and bought it for me. Would you use this agent?
P09,study comment,X1,buyer,I would definitely use this in real life as dealing with car salesman is one of the worst negotiations to deal with.  It went very smoothly and I got my price so I'm happy.
P10,study comment,X2,seller,"The text scrolled too quickly to read.  I had to keep going back to keep up. Other than that, very interesting."
P11,study comment,X1,buyer,No
P12,study comment,X1,buyer,"I was surprised that the chatbot started by saying how great the car is, in my experience it isn't great to start by showing such interest and enthusiasm."
P13,study comment,X2,seller,I'd rather use this than actual car sales people.
P14,study comment,X1,buyer,None.
P15,study comment,X3,buyer,The AI was super rude...
P16,study comment,X3,buyer,"For me, the seller responded so good and believable. I think the interface is very easy and simple to use."
P17,study comment,X3,buyer,Very fun to do.
P18,study comment,X1,buyer,no
P19,study comment,X4,seller,not at this time
P20,study comment,X2,seller,None! This was really interesting to experience!
P21,personal context,X2,seller,"I'm selling because I'm moving soon and don't want to deal with moving the car or keeping up with payments and insurance longer than I need to. The car has been really well taken care of, so I don't want to feel like I gave it away just because I'm trying to move. I listed it at 25.500 because it's clean, reliable and in great condition. I'd feel good closing somewhere around 24,000 or higher. Anything below 22,500 would feel like I'm getting taken advantage of. so I'd rather wait for another serious buyer than take a low offer."
P22,personal context,X2,seller,I am letting this car go because I need money. Im going to get a cheaper car instead.
P23,personal context,X2,seller,"I'm recovering from a financial crisis from having to help out and spend thousands for my nephew's physical therapy and chemotherapy for the past 2 years. I would appreciate it if the future owner of the car would take very good care of it and know that I took extremely good care of it but had to let go due to unforeseen circumstances. Preferably, I won't go below $22,500 but the original offer is my best price for it."
P24,personal context,X1,buyer,"I've always been a Camry guy. I like this car, but I'm not in such a rush to make the purchase now, as I'm looking for a good deal."
P25,personal context,X1,buyer,"I have been saving up for a car and really like this one.  I have worked overtime to save even more and have made an accomplishment. I am not wealthy or do I have a lot of money. I have a limit on how much I can spend and cannot go above that limit.  This car has caught my eye, and this is the car that I want. I need this transportation not only for work but to take my Mom back and forth to the doctor. My Mom is I'll and has never driven.  This car would be good for us."
P26,personal context,X2,seller,"I am a student moving away to start college, i need to make this sale so i can afford tuition and make the move. I really need the money from this sale to afford my education. i need this done quickly and i will not go under 22,500 on the price, i would like to get 25,000"
P27,personal context,X2,seller,"I am now in the need for a larger car, an SUV, for my growing family.  I need to make room for my new SUV, and as much as I hate to let this car go, I want to sell it to a buyer willing to make an offer within my guidelines.  I would like to sell this quickly and use as a downpayment for my new SUV."
P28,personal context,X1,buyer,I don't like this car. I live in Florida and don't want a black car because of the sun and heat. Please only show me white cars.
P29,personal context,X1,buyer,"I lost my last vehicle to an accident, and I realy ned to get a relaible car that doesn't guzzle gas. I've had Toyotas before, and they last forever. I have cash on hand and am willing to make this hasle free and pay right now, we both win."
P30,personal context,X1,buyer,"I am very interested in this car but need to get the price down $4000 to $21,500 ideally.  I just graduated college and need a reliable car but will not overpay.  I have cash and do not need any form of bank financing.  If I can't get my price, I will continue looking elsewhere - I am not in that big of a rush."
P31,personal context,X2,seller,"I want $25k for the car but I will accept $22.5.  It's in immaculate condition which makes it absolutely worth the asking price.  If the seller doesn't want it, no pressure, I'll sell it to someone else."
P32,personal context,X1,buyer,"I'm car shopping and want to pay 21500, but no more than 23500."
P33,personal context,X1,buyer,"I appreciate your help. I like this car, but I can't do the price. No higher that 23 or I will find something else. I can pay cash so I don't need credit. If you can get it down to 21 that would be amazing. I have a good car right now so I don't need this car and have no problem finding something else if they are unwilling to come down on the price. Thanks!"
P34,personal context,X2,seller,"I found a great job in a city where I will not need a car since public transportation is great, but renting in the city is very expensive so selling the car will free up some extra money. I'd like the sale price to be as good as possible since I have to put down a deposit and first month rent for my new place. I'd also like to be able to furnish the place nicely."
P35,personal context,X1,buyer,"I can spend up to 23,500 on this car, but I'd like to get it for 21,500 if possible. The car will be used infrequently, as I work from home. I'd like to get this negotiation worked out today, if  possible, since I'd like to pick up the vehicle as soon as I can. If you can't get the car for the price I mentioned, walk away."
P36,personal context,X1,buyer,"I have been in need for a new car for a while and I am searching for a new job as well. This makes my budget somewhat limited, that's why I am aiming for $21,500 for this car. It is exactly what I am looking for: new, comfortable, no accidents or mechanical issues and I really like Toyotas. As long as everything stated in the listing is accurate I would want to purchase this car, though I cannot break the bank for it. Getting this car would really help me in my every day life to get to a new job if I need to travel for it."
P37,personal context,X1,buyer,"I’m looking for a reliable, comfortable daily driver that won’t give me maintenance headaches. The Camry stands out for its dependability and value. I’d like to buy soon if the price feels fair and there are no hidden issues."
P38,personal context,X2,seller,"I'm a college sophomore living in NYC, and I have to balance hard courses with responsibilities and everyday city expenses. I am studying criminal justice and working towards a bachelor of science. I tend to be less practical and more emotional in my decision making, and I spend a lot of time thinking about my actions and potential outcomes. I want to sell my car now because I need some extra money to help me with my college expenses."
P39,personal context,X2,seller,"I am trying to sell this car now in order to get rid of my credit card debt! I want to be able to use this to pay for any loans that I have outstanding. I am also planning on moving from current location. I would need to get rid of it within the next 4 weeks. If I am able to get more than 25,500 then that would be a real win. If it goes below 22,500 then I would feel like I am losing out"
P40,personal context,X2,seller,"I just got married and have combined households with my husband, who already has 2 cars. One he uses for work, and the other for personal. So we are just going to share the personal car. I want to sell this car to jumpstart a downpayment on a house. We really need some extra income to save, so selling this car will give us that immediate cash, as well as no longer needing insurance/registration for it. Once it sells, I'll have a big jumpstart on our downpayment, which will feel great."
